<?xml version='1.0' encoding='UTF-8' standalone='no'?>
<doxygen xmlns:xsi="http://www.w3.org/2001/XMLSchema-instance" xsi:noNamespaceSchemaLocation="compound.xsd" version="1.8.0">
  <compounddef id="dir_68267d1309a1af8e8297ef4c3efbcdba" kind="dir">
    <compoundname>C:/work/libftdi/libftdi1-1.1/src/</compoundname>
    <innerfile refid="ftdi_8c">ftdi.c</innerfile>
    <innerfile refid="ftdi_8h">ftdi.h</innerfile>
    <innerfile refid="ftdi__i_8h">ftdi_i.h</innerfile>
    <innerfile refid="ftdi__stream_8c">ftdi_stream.c</innerfile>
    <briefdescription>
    </briefdescription>
    <detaileddescription>
    </detaileddescription>
    <location file="C:/work/libftdi/libftdi1-1.1/src/"/>
  </compounddef>
</doxygen>
