<?xml version='1.0' encoding='UTF-8' standalone='no'?>
<doxygen xmlns:xsi="http://www.w3.org/2001/XMLSchema-instance" xsi:noNamespaceSchemaLocation="compound.xsd" version="1.8.0">
  <compounddef id="dir_8430b92e4aad3795673cc6eabae5ece3" kind="dir">
    <compoundname>C:/work/libftdi/libftdi1-1.1/ftdipp/</compoundname>
    <innerfile refid="ftdi_8cpp">ftdi.cpp</innerfile>
    <innerfile refid="ftdi_8hpp">ftdi.hpp</innerfile>
    <briefdescription>
    </briefdescription>
    <detaileddescription>
    </detaileddescription>
    <location file="C:/work/libftdi/libftdi1-1.1/ftdipp/"/>
  </compounddef>
</doxygen>
