<?xml version='1.0' encoding='UTF-8' standalone='no'?>
<doxygen xmlns:xsi="http://www.w3.org/2001/XMLSchema-instance" xsi:noNamespaceSchemaLocation="compound.xsd" version="1.8.0">
  <compounddef id="structFTDIStreamState" kind="struct" prot="public">
    <compoundname>FTDIStreamState</compoundname>
      <sectiondef kind="public-attrib">
      <memberdef kind="variable" id="structFTDIStreamState_1ad7deafbf03aa81c36dfd1fe72e1be26a" prot="public" static="no" mutable="no">
        <type><ref refid="ftdi_8h_1aaebecac513598988595fe3fbbbdd3776" kindref="member">FTDIStreamCallback</ref> *</type>
        <definition>FTDIStreamCallback* FTDIStreamState::callback</definition>
        <argsstring></argsstring>
        <name>callback</name>
        <briefdescription>
        </briefdescription>
        <detaileddescription>
        </detaileddescription>
        <inbodydescription>
        </inbodydescription>
        <location file="C:/work/libftdi/libftdi1-1.1/src/ftdi_stream.c" line="50" bodyfile="C:/work/libftdi/libftdi1-1.1/src/ftdi_stream.c" bodystart="50" bodyend="-1"/>
        <referencedby refid="ftdi__stream_8c_1abffdbbc8e303b2e4e85551734682a0b4" compoundref="ftdi__stream_8c" startline="147" endline="298">ftdi_readstream</referencedby>
      </memberdef>
      <memberdef kind="variable" id="structFTDIStreamState_1aed6ab260ee8a0882d5ac8c94e4f2192b" prot="public" static="no" mutable="no">
        <type>void *</type>
        <definition>void* FTDIStreamState::userdata</definition>
        <argsstring></argsstring>
        <name>userdata</name>
        <briefdescription>
        </briefdescription>
        <detaileddescription>
        </detaileddescription>
        <inbodydescription>
        </inbodydescription>
        <location file="C:/work/libftdi/libftdi1-1.1/src/ftdi_stream.c" line="51" bodyfile="C:/work/libftdi/libftdi1-1.1/src/ftdi_stream.c" bodystart="51" bodyend="-1"/>
        <referencedby refid="ftdi__stream_8c_1abffdbbc8e303b2e4e85551734682a0b4" compoundref="ftdi__stream_8c" startline="147" endline="298">ftdi_readstream</referencedby>
      </memberdef>
      <memberdef kind="variable" id="structFTDIStreamState_1aa8a00a2459dbb9bfa6947ce5b824b610" prot="public" static="no" mutable="no">
        <type>int</type>
        <definition>int FTDIStreamState::packetsize</definition>
        <argsstring></argsstring>
        <name>packetsize</name>
        <briefdescription>
        </briefdescription>
        <detaileddescription>
        </detaileddescription>
        <inbodydescription>
        </inbodydescription>
        <location file="C:/work/libftdi/libftdi1-1.1/src/ftdi_stream.c" line="52" bodyfile="C:/work/libftdi/libftdi1-1.1/src/ftdi_stream.c" bodystart="52" bodyend="-1"/>
      </memberdef>
      <memberdef kind="variable" id="structFTDIStreamState_1af3e8d999a90427f8118de502bf09e9ef" prot="public" static="no" mutable="no">
        <type>int</type>
        <definition>int FTDIStreamState::activity</definition>
        <argsstring></argsstring>
        <name>activity</name>
        <briefdescription>
        </briefdescription>
        <detaileddescription>
        </detaileddescription>
        <inbodydescription>
        </inbodydescription>
        <location file="C:/work/libftdi/libftdi1-1.1/src/ftdi_stream.c" line="53" bodyfile="C:/work/libftdi/libftdi1-1.1/src/ftdi_stream.c" bodystart="53" bodyend="-1"/>
        <referencedby refid="ftdi__stream_8c_1abffdbbc8e303b2e4e85551734682a0b4" compoundref="ftdi__stream_8c" startline="147" endline="298">ftdi_readstream</referencedby>
      </memberdef>
      <memberdef kind="variable" id="structFTDIStreamState_1af28e11102a214cbd87760577a7c2668d" prot="public" static="no" mutable="no">
        <type>int</type>
        <definition>int FTDIStreamState::result</definition>
        <argsstring></argsstring>
        <name>result</name>
        <briefdescription>
        </briefdescription>
        <detaileddescription>
        </detaileddescription>
        <inbodydescription>
        </inbodydescription>
        <location file="C:/work/libftdi/libftdi1-1.1/src/ftdi_stream.c" line="54" bodyfile="C:/work/libftdi/libftdi1-1.1/src/ftdi_stream.c" bodystart="54" bodyend="-1"/>
        <referencedby refid="ftdi__stream_8c_1abffdbbc8e303b2e4e85551734682a0b4" compoundref="ftdi__stream_8c" startline="147" endline="298">ftdi_readstream</referencedby>
      </memberdef>
      <memberdef kind="variable" id="structFTDIStreamState_1af171d0f207896b44eafda991654d1f81" prot="public" static="no" mutable="no">
        <type><ref refid="structFTDIProgressInfo" kindref="compound">FTDIProgressInfo</ref></type>
        <definition>FTDIProgressInfo FTDIStreamState::progress</definition>
        <argsstring></argsstring>
        <name>progress</name>
        <briefdescription>
        </briefdescription>
        <detaileddescription>
        </detaileddescription>
        <inbodydescription>
        </inbodydescription>
        <location file="C:/work/libftdi/libftdi1-1.1/src/ftdi_stream.c" line="55" bodyfile="C:/work/libftdi/libftdi1-1.1/src/ftdi_stream.c" bodystart="55" bodyend="-1"/>
        <referencedby refid="ftdi__stream_8c_1abffdbbc8e303b2e4e85551734682a0b4" compoundref="ftdi__stream_8c" startline="147" endline="298">ftdi_readstream</referencedby>
      </memberdef>
      </sectiondef>
    <briefdescription>
    </briefdescription>
    <detaileddescription>
    </detaileddescription>
    <collaborationgraph>
      <node id="22">
        <label>FTDIProgressInfo</label>
        <link refid="structFTDIProgressInfo"/>
        <childnode refid="23" relation="usage">
          <edgelabel>prev</edgelabel>
          <edgelabel>first</edgelabel>
          <edgelabel>current</edgelabel>
        </childnode>
      </node>
      <node id="23">
        <label>size_and_time</label>
        <link refid="structsize__and__time"/>
      </node>
      <node id="21">
        <label>FTDIStreamState</label>
        <link refid="structFTDIStreamState"/>
        <childnode refid="22" relation="usage">
          <edgelabel>progress</edgelabel>
        </childnode>
      </node>
    </collaborationgraph>
    <location file="C:/work/libftdi/libftdi1-1.1/src/ftdi_stream.c" line="49" bodyfile="C:/work/libftdi/libftdi1-1.1/src/ftdi_stream.c" bodystart="48" bodyend="56"/>
    <listofallmembers>
      <member refid="structFTDIStreamState_1af3e8d999a90427f8118de502bf09e9ef" prot="public" virt="non-virtual"><scope>FTDIStreamState</scope><name>activity</name></member>
      <member refid="structFTDIStreamState_1ad7deafbf03aa81c36dfd1fe72e1be26a" prot="public" virt="non-virtual"><scope>FTDIStreamState</scope><name>callback</name></member>
      <member refid="structFTDIStreamState_1aa8a00a2459dbb9bfa6947ce5b824b610" prot="public" virt="non-virtual"><scope>FTDIStreamState</scope><name>packetsize</name></member>
      <member refid="structFTDIStreamState_1af171d0f207896b44eafda991654d1f81" prot="public" virt="non-virtual"><scope>FTDIStreamState</scope><name>progress</name></member>
      <member refid="structFTDIStreamState_1af28e11102a214cbd87760577a7c2668d" prot="public" virt="non-virtual"><scope>FTDIStreamState</scope><name>result</name></member>
      <member refid="structFTDIStreamState_1aed6ab260ee8a0882d5ac8c94e4f2192b" prot="public" virt="non-virtual"><scope>FTDIStreamState</scope><name>userdata</name></member>
    </listofallmembers>
  </compounddef>
</doxygen>
